continent,average_time
unknown,1.6854725595224948E9
europe,1.6854725620421052E9
africa,1.6854725595403225E9
atlantic,1.685472562E9
asia,1.6854725598E9
